dataset,family,pool_type,target_vm,feature_group,mean_importance,std_importance,top1_frequency,top3_frequency,mean_rank,n_reps_used,group_key
adult,GBM,Rashomon,V_m,validation_brier,0.36094663059315146,0.11365501016499747,0.6666666666666666,1.0,1.3333333333333333,12,adult|GBM|Rashomon|V_m
adult,GBM,Rashomon,V_m,hp_learning_rate,0.24925282694293824,0.05805908857397468,0.3333333333333333,1.0,1.75,12,adult|GBM|Rashomon|V_m
adult,GBM,Rashomon,V_m,hp_max_depth,0.21132210592370762,0.04965394046372925,0.0,0.9166666666666666,3.0,12,adult|GBM|Rashomon|V_m
adult,GBM,Rashomon,V_m,hp_n_estimators,0.13581022847819932,0.022199946814606464,0.0,0.08333333333333333,3.9166666666666665,12,adult|GBM|Rashomon|V_m
adult,GBM,Rashomon,V_m,hp_subsample,0.04266820806200341,0.009600157372275006,0.0,0.0,5.0,12,adult|GBM|Rashomon|V_m
adult,GBM,Rashomon,V_m_HH,validation_brier,0.4093165262879596,0.09300129704530208,1.0,1.0,1.0,12,adult|GBM|Rashomon|V_m_HH
adult,GBM,Rashomon,V_m_HH,hp_learning_rate,0.23890832531234726,0.0526462206333829,0.0,1.0,2.0833333333333335,12,adult|GBM|Rashomon|V_m_HH
adult,GBM,Rashomon,V_m_HH,hp_max_depth,0.17493556266125246,0.04433202245649807,0.0,0.6666666666666666,3.3333333333333335,12,adult|GBM|Rashomon|V_m_HH
adult,GBM,Rashomon,V_m_HH,hp_n_estimators,0.13880767142763278,0.017898074418112444,0.0,0.3333333333333333,3.5833333333333335,12,adult|GBM|Rashomon|V_m_HH
adult,GBM,Rashomon,V_m_HH,hp_subsample,0.03803191431080788,0.00555342413797818,0.0,0.0,5.0,12,adult|GBM|Rashomon|V_m_HH
adult,GBM,Rashomon,V_m_nonHH,validation_brier,0.35936684493139565,0.1167897635890916,0.75,1.0,1.3333333333333333,12,adult|GBM|Rashomon|V_m_nonHH
adult,GBM,Rashomon,V_m_nonHH,hp_learning_rate,0.24357732034886237,0.056015196877423665,0.25,1.0,1.8333333333333333,12,adult|GBM|Rashomon|V_m_nonHH
adult,GBM,Rashomon,V_m_nonHH,hp_max_depth,0.21342673937601195,0.054535364134675794,0.0,0.9166666666666666,2.9166666666666665,12,adult|GBM|Rashomon|V_m_nonHH
adult,GBM,Rashomon,V_m_nonHH,hp_n_estimators,0.13537144575792207,0.02319295129699735,0.0,0.08333333333333333,3.9166666666666665,12,adult|GBM|Rashomon|V_m_nonHH
adult,GBM,Rashomon,V_m_nonHH,hp_subsample,0.048257649585807964,0.012649488818027563,0.0,0.0,5.0,12,adult|GBM|Rashomon|V_m_nonHH
adult,GBM,full_pool,V_m,validation_brier,0.8731931710074375,0.01082087768034382,1.0,1.0,1.0,12,adult|GBM|full_pool|V_m
adult,GBM,full_pool,V_m,hp_learning_rate,0.05506568861039706,0.00862285877799468,0.0,1.0,2.0833333333333335,12,adult|GBM|full_pool|V_m
adult,GBM,full_pool,V_m,hp_max_depth,0.0401310049059445,0.006234652979079682,0.0,0.9166666666666666,3.0,12,adult|GBM|full_pool|V_m
adult,GBM,full_pool,V_m,hp_n_estimators,0.028809185593037908,0.006456178881141347,0.0,0.08333333333333333,3.9166666666666665,12,adult|GBM|full_pool|V_m
adult,GBM,full_pool,V_m,hp_subsample,0.0028009498831829418,0.0006282552901832118,0.0,0.0,5.0,12,adult|GBM|full_pool|V_m
adult,GBM,full_pool,V_m_HH,validation_brier,0.9256631668736693,0.00816538751732086,1.0,1.0,1.0,12,adult|GBM|full_pool|V_m_HH
adult,GBM,full_pool,V_m_HH,hp_learning_rate,0.027353570304314,0.003703612567804811,0.0,0.9166666666666666,2.4166666666666665,12,adult|GBM|full_pool|V_m_HH
adult,GBM,full_pool,V_m_HH,hp_max_depth,0.02606319252528742,0.0034659262083624547,0.0,0.9166666666666666,2.75,12,adult|GBM|full_pool|V_m_HH
adult,GBM,full_pool,V_m_HH,hp_n_estimators,0.018750602145635745,0.004371779785871697,0.0,0.16666666666666666,3.8333333333333335,12,adult|GBM|full_pool|V_m_HH
adult,GBM,full_pool,V_m_HH,hp_subsample,0.0021694681510933535,0.0005768072064789875,0.0,0.0,5.0,12,adult|GBM|full_pool|V_m_HH
adult,GBM,full_pool,V_m_nonHH,validation_brier,0.7558191837838074,0.014126468888436773,1.0,1.0,1.0,12,adult|GBM|full_pool|V_m_nonHH
adult,GBM,full_pool,V_m_nonHH,hp_learning_rate,0.1223206276319172,0.019562894145738433,0.0,1.0,2.0,12,adult|GBM|full_pool|V_m_nonHH
adult,GBM,full_pool,V_m_nonHH,hp_max_depth,0.06817289120427429,0.011489823969415829,0.0,1.0,3.0,12,adult|GBM|full_pool|V_m_nonHH
adult,GBM,full_pool,V_m_nonHH,hp_n_estimators,0.04862072566576104,0.009826598340225114,0.0,0.0,4.0,12,adult|GBM|full_pool|V_m_nonHH
adult,GBM,full_pool,V_m_nonHH,hp_subsample,0.005066571714240107,0.0008289423265411175,0.0,0.0,5.0,12,adult|GBM|full_pool|V_m_nonHH
adult,LogReg,Rashomon,V_m,hp_C,0.8868331394072619,0.013623240894595032,1.0,1.0,1.0,12,adult|LogReg|Rashomon|V_m
adult,LogReg,Rashomon,V_m,hp_l1_ratio,0.06658645198333711,0.028291969035379626,0.0,1.0,2.1666666666666665,12,adult|LogReg|Rashomon|V_m
adult,LogReg,Rashomon,V_m,validation_brier,0.04658040860940091,0.023373272077757103,0.0,1.0,2.8333333333333335,12,adult|LogReg|Rashomon|V_m
adult,LogReg,Rashomon,V_m_HH,hp_C,0.8805422614235611,0.03197256619676449,1.0,1.0,1.0,12,adult|LogReg|Rashomon|V_m_HH
adult,LogReg,Rashomon,V_m_HH,validation_brier,0.061760336148424834,0.041296700438911864,0.0,1.0,2.6666666666666665,12,adult|LogReg|Rashomon|V_m_HH
adult,LogReg,Rashomon,V_m_HH,hp_l1_ratio,0.057697402428014084,0.028679456126794886,0.0,1.0,2.3333333333333335,12,adult|LogReg|Rashomon|V_m_HH
adult,LogReg,Rashomon,V_m_nonHH,hp_C,0.8822033613738135,0.01564610263151136,1.0,1.0,1.0,12,adult|LogReg|Rashomon|V_m_nonHH
adult,LogReg,Rashomon,V_m_nonHH,hp_l1_ratio,0.0720499607524921,0.03152168402660902,0.0,1.0,2.25,12,adult|LogReg|Rashomon|V_m_nonHH
adult,LogReg,Rashomon,V_m_nonHH,validation_brier,0.04574667787369432,0.019293024460887927,0.0,1.0,2.75,12,adult|LogReg|Rashomon|V_m_nonHH
adult,LogReg,full_pool,V_m,validation_brier,0.9953285745841821,0.0018032936478310866,1.0,1.0,1.0,12,adult|LogReg|full_pool|V_m
adult,LogReg,full_pool,V_m,hp_l1_ratio,0.0027319834998826044,0.0010724034304134917,0.0,1.0,2.3333333333333335,12,adult|LogReg|full_pool|V_m
adult,LogReg,full_pool,V_m,hp_C,0.001939441915935317,0.0013073488947348431,0.0,1.0,2.6666666666666665,12,adult|LogReg|full_pool|V_m
adult,LogReg,full_pool,V_m_HH,validation_brier,0.9954733092941388,0.0022264698721830827,1.0,1.0,1.0,12,adult|LogReg|full_pool|V_m_HH
adult,LogReg,full_pool,V_m_HH,hp_l1_ratio,0.0023468720717104187,0.0009440928099093127,0.0,1.0,2.4166666666666665,12,adult|LogReg|full_pool|V_m_HH
adult,LogReg,full_pool,V_m_HH,hp_C,0.0021798186341507224,0.0017654682197850277,0.0,1.0,2.5833333333333335,12,adult|LogReg|full_pool|V_m_HH
adult,LogReg,full_pool,V_m_nonHH,validation_brier,0.9945868061373142,0.0019135971126177278,1.0,1.0,1.0,12,adult|LogReg|full_pool|V_m_nonHH
adult,LogReg,full_pool,V_m_nonHH,hp_l1_ratio,0.003764471483886737,0.0012629025272529715,0.0,1.0,2.0,12,adult|LogReg|full_pool|V_m_nonHH
adult,LogReg,full_pool,V_m_nonHH,hp_C,0.001648722378799138,0.001056625765629561,0.0,1.0,3.0,12,adult|LogReg|full_pool|V_m_nonHH
adult,MLP,Rashomon,V_m,hp_learning_rate_init,0.5177698860813655,0.033028513122017183,1.0,1.0,1.0,12,adult|MLP|Rashomon|V_m
adult,MLP,Rashomon,V_m,validation_brier,0.25738427955985216,0.0448619634170859,0.0,1.0,2.0,12,adult|MLP|Rashomon|V_m
adult,MLP,Rashomon,V_m,hp_hidden_layer_sizes,0.12005273948869531,0.028980142548127433,0.0,1.0,3.0,12,adult|MLP|Rashomon|V_m
adult,MLP,Rashomon,V_m,hp_activation,0.0586604926908277,0.014754946089979827,0.0,0.0,4.333333333333333,12,adult|MLP|Rashomon|V_m
adult,MLP,Rashomon,V_m,hp_alpha,0.046132602179259324,0.004305443674559804,0.0,0.0,4.666666666666667,12,adult|MLP|Rashomon|V_m
adult,MLP,Rashomon,V_m_HH,hp_learning_rate_init,0.44005663606646345,0.03280850348645655,1.0,1.0,1.0,12,adult|MLP|Rashomon|V_m_HH
adult,MLP,Rashomon,V_m_HH,validation_brier,0.29172236490180625,0.05807544182541017,0.0,1.0,2.0833333333333335,12,adult|MLP|Rashomon|V_m_HH
adult,MLP,Rashomon,V_m_HH,hp_hidden_layer_sizes,0.14911192354847555,0.04695185341016826,0.0,1.0,2.9166666666666665,12,adult|MLP|Rashomon|V_m_HH
adult,MLP,Rashomon,V_m_HH,hp_activation,0.06384506784639885,0.02630561649696573,0.0,0.0,4.5,12,adult|MLP|Rashomon|V_m_HH
adult,MLP,Rashomon,V_m_HH,hp_alpha,0.05526400763685597,0.008457283019296376,0.0,0.0,4.5,12,adult|MLP|Rashomon|V_m_HH
adult,MLP,Rashomon,V_m_nonHH,hp_learning_rate_init,0.5231054390415311,0.035305871250712245,1.0,1.0,1.0,12,adult|MLP|Rashomon|V_m_nonHH
adult,MLP,Rashomon,V_m_nonHH,validation_brier,0.2584085852215125,0.03966008820248376,0.0,1.0,2.0,12,adult|MLP|Rashomon|V_m_nonHH
adult,MLP,Rashomon,V_m_nonHH,hp_hidden_layer_sizes,0.11348009535127286,0.024304104423165593,0.0,1.0,3.0,12,adult|MLP|Rashomon|V_m_nonHH
adult,MLP,Rashomon,V_m_nonHH,hp_activation,0.05663153925790566,0.010971192008358563,0.0,0.0,4.333333333333333,12,adult|MLP|Rashomon|V_m_nonHH
adult,MLP,Rashomon,V_m_nonHH,hp_alpha,0.04837434112777794,0.004676319337299481,0.0,0.0,4.666666666666667,12,adult|MLP|Rashomon|V_m_nonHH
adult,MLP,full_pool,V_m,validation_brier,0.49451298021320894,0.022191486657686808,1.0,1.0,1.0,12,adult|MLP|full_pool|V_m
adult,MLP,full_pool,V_m,hp_learning_rate_init,0.33316529516583154,0.018258253615631867,0.0,1.0,2.0,12,adult|MLP|full_pool|V_m
adult,MLP,full_pool,V_m,hp_hidden_layer_sizes,0.08523644080792776,0.008240590480041797,0.0,1.0,3.0,12,adult|MLP|full_pool|V_m
adult,MLP,full_pool,V_m,hp_alpha,0.045050889193279146,0.006446736665918731,0.0,0.0,4.25,12,adult|MLP|full_pool|V_m
adult,MLP,full_pool,V_m,hp_activation,0.04203439461975254,0.009517688281893229,0.0,0.0,4.75,12,adult|MLP|full_pool|V_m
adult,MLP,full_pool,V_m_HH,validation_brier,0.5220552646607283,0.025646607133190308,1.0,1.0,1.0,12,adult|MLP|full_pool|V_m_HH
adult,MLP,full_pool,V_m_HH,hp_learning_rate_init,0.27828544096263785,0.015900890741038322,0.0,1.0,2.0,12,adult|MLP|full_pool|V_m_HH
adult,MLP,full_pool,V_m_HH,hp_hidden_layer_sizes,0.10362319206417704,0.013013733317105728,0.0,1.0,3.0,12,adult|MLP|full_pool|V_m_HH
adult,MLP,full_pool,V_m_HH,hp_alpha,0.04944175085663335,0.008796475579541402,0.0,0.0,4.416666666666667,12,adult|MLP|full_pool|V_m_HH
adult,MLP,full_pool,V_m_HH,hp_activation,0.046594351455823434,0.008100054513088815,0.0,0.0,4.583333333333333,12,adult|MLP|full_pool|V_m_HH
adult,MLP,full_pool,V_m_nonHH,validation_brier,0.476583896368788,0.01366875981627762,1.0,1.0,1.0,12,adult|MLP|full_pool|V_m_nonHH
adult,MLP,full_pool,V_m_nonHH,hp_learning_rate_init,0.3624176777095758,0.015081737503970348,0.0,1.0,2.0,12,adult|MLP|full_pool|V_m_nonHH
adult,MLP,full_pool,V_m_nonHH,hp_hidden_layer_sizes,0.07551372839394431,0.007479361745502687,0.0,0.9166666666666666,3.0833333333333335,12,adult|MLP|full_pool|V_m_nonHH
adult,MLP,full_pool,V_m_nonHH,hp_alpha,0.04439316984615838,0.004842368898581065,0.0,0.0,4.25,12,adult|MLP|full_pool|V_m_nonHH
adult,MLP,full_pool,V_m_nonHH,hp_activation,0.04109152768153356,0.00998419251596361,0.0,0.08333333333333333,4.666666666666667,12,adult|MLP|full_pool|V_m_nonHH
adult,RF,Rashomon,V_m,validation_brier,0.4519725878306227,0.20119588668622776,0.4166666666666667,1.0,1.5833333333333333,12,adult|RF|Rashomon|V_m
adult,RF,Rashomon,V_m,hp_max_features,0.3968869078682907,0.20102129777502378,0.5833333333333334,1.0,1.5,12,adult|RF|Rashomon|V_m
adult,RF,Rashomon,V_m,hp_min_samples_leaf,0.055727961859881985,0.014878399007983212,0.0,0.5833333333333334,3.3333333333333335,12,adult|RF|Rashomon|V_m
adult,RF,Rashomon,V_m,hp_min_samples_split,0.03991337765501443,0.01711158626886787,0.0,0.3333333333333333,4.083333333333333,12,adult|RF|Rashomon|V_m
adult,RF,Rashomon,V_m,hp_max_depth,0.031144785194968074,0.011361337323230821,0.0,0.08333333333333333,5.0,12,adult|RF|Rashomon|V_m
adult,RF,Rashomon,V_m_HH,hp_max_features,0.466768497926056,0.14575802644218736,0.8333333333333334,1.0,1.1666666666666667,12,adult|RF|Rashomon|V_m_HH
adult,RF,Rashomon,V_m_HH,validation_brier,0.344452598661323,0.11073755602667093,0.16666666666666666,1.0,1.8333333333333333,12,adult|RF|Rashomon|V_m_HH
adult,RF,Rashomon,V_m_HH,hp_min_samples_leaf,0.09964216863376511,0.0381482529854245,0.0,0.9166666666666666,3.0833333333333335,12,adult|RF|Rashomon|V_m_HH
adult,RF,Rashomon,V_m_HH,hp_n_estimators,0.03577621048219129,0.017907171866850813,0.0,0.08333333333333333,4.666666666666667,12,adult|RF|Rashomon|V_m_HH
adult,RF,Rashomon,V_m_HH,hp_min_samples_split,0.0315178205597041,0.009955439286078087,0.0,0.0,4.416666666666667,12,adult|RF|Rashomon|V_m_HH
adult,RF,Rashomon,V_m_nonHH,validation_brier,0.44571840396590834,0.16711338825385313,0.4166666666666667,1.0,1.5833333333333333,12,adult|RF|Rashomon|V_m_nonHH
adult,RF,Rashomon,V_m_nonHH,hp_max_features,0.38726871551415565,0.16819921919447903,0.5833333333333334,1.0,1.5,12,adult|RF|Rashomon|V_m_nonHH
adult,RF,Rashomon,V_m_nonHH,hp_min_samples_leaf,0.06388555501753727,0.02401049812987232,0.0,0.75,3.25,12,adult|RF|Rashomon|V_m_nonHH
adult,RF,Rashomon,V_m_nonHH,hp_max_depth,0.04187255929043551,0.01756407052716635,0.0,0.08333333333333333,4.583333333333333,12,adult|RF|Rashomon|V_m_nonHH
adult,RF,Rashomon,V_m_nonHH,hp_min_samples_split,0.038344786287043894,0.01659135569330992,0.0,0.16666666666666666,4.25,12,adult|RF|Rashomon|V_m_nonHH
adult,RF,full_pool,V_m,validation_brier,0.6921551881235618,0.03810089671334294,1.0,1.0,1.0,12,adult|RF|full_pool|V_m
adult,RF,full_pool,V_m,hp_max_features,0.20321985008309318,0.021836857538815483,0.0,1.0,2.0,12,adult|RF|full_pool|V_m
adult,RF,full_pool,V_m,hp_max_depth,0.05068020646191953,0.01716202064495977,0.0,0.6666666666666666,3.3333333333333335,12,adult|RF|full_pool|V_m
adult,RF,full_pool,V_m,hp_min_samples_leaf,0.037408349261042244,0.00632722051417004,0.0,0.3333333333333333,3.6666666666666665,12,adult|RF|full_pool|V_m
adult,RF,full_pool,V_m,hp_min_samples_split,0.011896884147193818,0.0066327385186052065,0.0,0.0,5.0,12,adult|RF|full_pool|V_m
adult,RF,full_pool,V_m_HH,validation_brier,0.7781676252229727,0.037052551556088914,1.0,1.0,1.0,12,adult|RF|full_pool|V_m_HH
adult,RF,full_pool,V_m_HH,hp_max_features,0.1592081562681014,0.01990435908445262,0.0,1.0,2.0,12,adult|RF|full_pool|V_m_HH
adult,RF,full_pool,V_m_HH,hp_max_depth,0.03198195570032649,0.016093973656328562,0.0,0.75,3.25,12,adult|RF|full_pool|V_m_HH
adult,RF,full_pool,V_m_HH,hp_min_samples_leaf,0.02047314939194908,0.0048815317835489555,0.0,0.25,3.75,12,adult|RF|full_pool|V_m_HH
adult,RF,full_pool,V_m_HH,hp_min_samples_split,0.006402517083301455,0.0027976932822076114,0.0,0.0,5.0,12,adult|RF|full_pool|V_m_HH
adult,RF,full_pool,V_m_nonHH,validation_brier,0.5485953048871264,0.04305123171577747,1.0,1.0,1.0,12,adult|RF|full_pool|V_m_nonHH
adult,RF,full_pool,V_m_nonHH,hp_max_features,0.24146148308206228,0.014221670746761029,0.0,1.0,2.0,12,adult|RF|full_pool|V_m_nonHH
adult,RF,full_pool,V_m_nonHH,hp_max_depth,0.09998999210992553,0.040063889230760846,0.0,0.6666666666666666,3.5,12,adult|RF|full_pool|V_m_nonHH
adult,RF,full_pool,V_m_nonHH,hp_min_samples_leaf,0.07653691644022849,0.012586957169880628,0.0,0.3333333333333333,3.6666666666666665,12,adult|RF|full_pool|V_m_nonHH
adult,RF,full_pool,V_m_nonHH,hp_min_samples_split,0.026916979965061986,0.014783464883089152,0.0,0.0,4.833333333333333,12,adult|RF|full_pool|V_m_nonHH
adult,kNN,Rashomon,V_m,hp_n_neighbors,0.8715412729012267,0.009815493685977622,1.0,1.0,1.0,12,adult|kNN|Rashomon|V_m
adult,kNN,Rashomon,V_m,hp_weights,0.06280873241975836,0.004542444771517258,0.0,1.0,2.0833333333333335,12,adult|kNN|Rashomon|V_m
adult,kNN,Rashomon,V_m,validation_brier,0.03794927121977238,0.014518291435707214,0.0,0.6666666666666666,3.25,12,adult|kNN|Rashomon|V_m
adult,kNN,Rashomon,V_m,hp_p,0.027700723459242422,0.0122368521958793,0.0,0.3333333333333333,3.6666666666666665,12,adult|kNN|Rashomon|V_m
adult,kNN,Rashomon,V_m_HH,hp_n_neighbors,0.5529861203694405,0.043354885986926474,1.0,1.0,1.0,12,adult|kNN|Rashomon|V_m_HH
adult,kNN,Rashomon,V_m_HH,hp_p,0.24469259447805602,0.0647103921344987,0.0,1.0,2.0833333333333335,12,adult|kNN|Rashomon|V_m_HH
adult,kNN,Rashomon,V_m_HH,validation_brier,0.1697950170651338,0.04593772204547393,0.0,1.0,2.9166666666666665,12,adult|kNN|Rashomon|V_m_HH
adult,kNN,Rashomon,V_m_HH,hp_weights,0.03252626808736963,0.004216284917231284,0.0,0.0,4.0,12,adult|kNN|Rashomon|V_m_HH
adult,kNN,Rashomon,V_m_nonHH,hp_n_neighbors,0.8973074336405361,0.00640883802085134,1.0,1.0,1.0,12,adult|kNN|Rashomon|V_m_nonHH
adult,kNN,Rashomon,V_m_nonHH,hp_weights,0.07019573444189475,0.005615322312342653,0.0,1.0,2.0,12,adult|kNN|Rashomon|V_m_nonHH
adult,kNN,Rashomon,V_m_nonHH,validation_brier,0.022383321678782212,0.00923988170911651,0.0,0.9166666666666666,3.0833333333333335,12,adult|kNN|Rashomon|V_m_nonHH
adult,kNN,Rashomon,V_m_nonHH,hp_p,0.010113510238787088,0.002395307655840484,0.0,0.08333333333333333,3.9166666666666665,12,adult|kNN|Rashomon|V_m_nonHH
adult,kNN,full_pool,V_m,hp_n_neighbors,0.5415213475662409,0.12217756432520763,0.5,1.0,1.5,12,adult|kNN|full_pool|V_m
adult,kNN,full_pool,V_m,validation_brier,0.4434845542633157,0.12232976274484167,0.5,1.0,1.5,12,adult|kNN|full_pool|V_m
adult,kNN,full_pool,V_m,hp_weights,0.014490303592917997,0.0007856338950999483,0.0,1.0,3.0,12,adult|kNN|full_pool|V_m
adult,kNN,full_pool,V_m,hp_p,0.0005037945775253563,2.1080593100718005e-05,0.0,0.0,4.0,12,adult|kNN|full_pool|V_m
adult,kNN,full_pool,V_m_HH,hp_n_neighbors,0.5603052980143003,0.14974904040161624,0.6666666666666666,1.0,1.3333333333333333,12,adult|kNN|full_pool|V_m_HH
adult,kNN,full_pool,V_m_HH,validation_brier,0.4264729254697554,0.14972710559389135,0.3333333333333333,1.0,1.6666666666666667,12,adult|kNN|full_pool|V_m_HH
adult,kNN,full_pool,V_m_HH,hp_weights,0.01270599810521076,0.0006110535658252675,0.0,1.0,3.0,12,adult|kNN|full_pool|V_m_HH
adult,kNN,full_pool,V_m_HH,hp_p,0.0005157784107336418,0.00013204919580662506,0.0,0.0,4.0,12,adult|kNN|full_pool|V_m_HH
adult,kNN,full_pool,V_m_nonHH,hp_n_neighbors,0.715010919427549,0.09884101449546938,1.0,1.0,1.0,12,adult|kNN|full_pool|V_m_nonHH
adult,kNN,full_pool,V_m_nonHH,validation_brier,0.2689767601491296,0.09889296189609328,0.0,1.0,2.0,12,adult|kNN|full_pool|V_m_nonHH
adult,kNN,full_pool,V_m_nonHH,hp_weights,0.014915436663004017,0.0005553280944343244,0.0,1.0,3.0,12,adult|kNN|full_pool|V_m_nonHH
adult,kNN,full_pool,V_m_nonHH,hp_p,0.0010968837603175117,7.927453613156877e-05,0.0,0.0,4.0,12,adult|kNN|full_pool|V_m_nonHH
compas,GBM,Rashomon,V_m,validation_brier,0.45378985327039567,0.06486420649567987,1.0,1.0,1.0,12,compas|GBM|Rashomon|V_m
compas,GBM,Rashomon,V_m,hp_max_depth,0.20130559021743333,0.060037498958272824,0.0,0.8333333333333334,2.6666666666666665,12,compas|GBM|Rashomon|V_m
compas,GBM,Rashomon,V_m,hp_n_estimators,0.17310921876957427,0.045675766500507864,0.0,0.75,2.8333333333333335,12,compas|GBM|Rashomon|V_m
compas,GBM,Rashomon,V_m,hp_learning_rate,0.1429219534582947,0.02948133446840297,0.0,0.4166666666666667,3.5,12,compas|GBM|Rashomon|V_m
compas,GBM,Rashomon,V_m,hp_subsample,0.028873384284301928,0.006878627183933428,0.0,0.0,5.0,12,compas|GBM|Rashomon|V_m
compas,GBM,Rashomon,V_m_HH,validation_brier,0.5353730097930814,0.07980092890220654,1.0,1.0,1.0,12,compas|GBM|Rashomon|V_m_HH
compas,GBM,Rashomon,V_m_HH,hp_max_depth,0.19693825642185667,0.05718309087827078,0.0,1.0,2.0833333333333335,12,compas|GBM|Rashomon|V_m_HH
compas,GBM,Rashomon,V_m_HH,hp_learning_rate,0.1402069773726381,0.021294416203754735,0.0,1.0,2.9166666666666665,12,compas|GBM|Rashomon|V_m_HH
compas,GBM,Rashomon,V_m_HH,hp_n_estimators,0.08473336625752427,0.0323407950043208,0.0,0.0,4.083333333333333,12,compas|GBM|Rashomon|V_m_HH
compas,GBM,Rashomon,V_m_HH,hp_subsample,0.04274839015489954,0.011849277219792348,0.0,0.0,4.916666666666667,12,compas|GBM|Rashomon|V_m_HH
compas,GBM,Rashomon,V_m_nonHH,validation_brier,0.46679458110695027,0.06201102701188451,1.0,1.0,1.0,12,compas|GBM|Rashomon|V_m_nonHH
compas,GBM,Rashomon,V_m_nonHH,hp_max_depth,0.18664410286595376,0.05272337147349347,0.0,0.8333333333333334,2.6666666666666665,12,compas|GBM|Rashomon|V_m_nonHH
compas,GBM,Rashomon,V_m_nonHH,hp_n_estimators,0.17343019394342726,0.04785050627915478,0.0,0.75,2.75,12,compas|GBM|Rashomon|V_m_nonHH
compas,GBM,Rashomon,V_m_nonHH,hp_learning_rate,0.14133617479303803,0.03223292994873246,0.0,0.4166666666666667,3.5833333333333335,12,compas|GBM|Rashomon|V_m_nonHH
compas,GBM,Rashomon,V_m_nonHH,hp_subsample,0.031794947290630676,0.006227536607607057,0.0,0.0,5.0,12,compas|GBM|Rashomon|V_m_nonHH
compas,GBM,full_pool,V_m,validation_brier,0.8192472361143818,0.04699889005388975,1.0,1.0,1.0,12,compas|GBM|full_pool|V_m
compas,GBM,full_pool,V_m,hp_learning_rate,0.06261679331081822,0.01437803305800127,0.0,0.9166666666666666,2.4166666666666665,12,compas|GBM|full_pool|V_m
compas,GBM,full_pool,V_m,hp_n_estimators,0.05838699463599555,0.020021007703404155,0.0,0.9166666666666666,2.75,12,compas|GBM|full_pool|V_m
compas,GBM,full_pool,V_m,hp_max_depth,0.043550435750345444,0.01609401449975805,0.0,0.16666666666666666,3.8333333333333335,12,compas|GBM|full_pool|V_m
compas,GBM,full_pool,V_m,hp_subsample,0.016198540188458854,0.012029294412943804,0.0,0.0,5.0,12,compas|GBM|full_pool|V_m
compas,GBM,full_pool,V_m_HH,validation_brier,0.7196328783355272,0.061901173415516035,1.0,1.0,1.0,12,compas|GBM|full_pool|V_m_HH
compas,GBM,full_pool,V_m_HH,hp_learning_rate,0.10481950574381477,0.022393258600976428,0.0,1.0,2.25,12,compas|GBM|full_pool|V_m_HH
compas,GBM,full_pool,V_m_HH,hp_n_estimators,0.08614239210049777,0.034993138916804986,0.0,0.9166666666666666,2.9166666666666665,12,compas|GBM|full_pool|V_m_HH
compas,GBM,full_pool,V_m_HH,hp_max_depth,0.05638808148225297,0.019207908873178286,0.0,0.08333333333333333,4.0,12,compas|GBM|full_pool|V_m_HH
compas,GBM,full_pool,V_m_HH,hp_subsample,0.03301714233790725,0.014107329217614734,0.0,0.0,4.833333333333333,12,compas|GBM|full_pool|V_m_HH
compas,GBM,full_pool,V_m_nonHH,validation_brier,0.823887002595837,0.04686301721743624,1.0,1.0,1.0,12,compas|GBM|full_pool|V_m_nonHH
compas,GBM,full_pool,V_m_nonHH,hp_learning_rate,0.059521149772463526,0.014324093551408679,0.0,0.8333333333333334,2.5833333333333335,12,compas|GBM|full_pool|V_m_nonHH
compas,GBM,full_pool,V_m_nonHH,hp_n_estimators,0.057272974177337926,0.019823303189597474,0.0,0.9166666666666666,2.75,12,compas|GBM|full_pool|V_m_nonHH
compas,GBM,full_pool,V_m_nonHH,hp_max_depth,0.04359623321836031,0.016583227195072908,0.0,0.25,3.6666666666666665,12,compas|GBM|full_pool|V_m_nonHH
compas,GBM,full_pool,V_m_nonHH,hp_subsample,0.015722640236001114,0.011525153892542168,0.0,0.0,5.0,12,compas|GBM|full_pool|V_m_nonHH
compas,LogReg,Rashomon,V_m,hp_C,0.8704311492138549,0.09274541277531007,1.0,1.0,1.0,12,compas|LogReg|Rashomon|V_m
compas,LogReg,Rashomon,V_m,validation_brier,0.07001326079746384,0.07191327826596339,0.0,1.0,2.5833333333333335,12,compas|LogReg|Rashomon|V_m
compas,LogReg,Rashomon,V_m,hp_l1_ratio,0.059555589988681414,0.02820179279369745,0.0,1.0,2.4166666666666665,12,compas|LogReg|Rashomon|V_m
compas,LogReg,Rashomon,V_m_HH,hp_C,0.8627799360791107,0.1156509548210188,1.0,1.0,1.0,12,compas|LogReg|Rashomon|V_m_HH
compas,LogReg,Rashomon,V_m_HH,validation_brier,0.08512538295400646,0.09547634150752503,0.0,1.0,2.25,12,compas|LogReg|Rashomon|V_m_HH
compas,LogReg,Rashomon,V_m_HH,hp_l1_ratio,0.05209468096688291,0.02787486285586113,0.0,1.0,2.75,12,compas|LogReg|Rashomon|V_m_HH
compas,LogReg,Rashomon,V_m_nonHH,hp_C,0.8698996693976722,0.09205969634626243,1.0,1.0,1.0,12,compas|LogReg|Rashomon|V_m_nonHH
compas,LogReg,Rashomon,V_m_nonHH,validation_brier,0.07214783794956117,0.07287831129769654,0.0,1.0,2.5833333333333335,12,compas|LogReg|Rashomon|V_m_nonHH
compas,LogReg,Rashomon,V_m_nonHH,hp_l1_ratio,0.057952492652766814,0.026950407915997125,0.0,1.0,2.4166666666666665,12,compas|LogReg|Rashomon|V_m_nonHH
compas,LogReg,full_pool,V_m,validation_brier,0.9848661665804982,0.005170756161526666,1.0,1.0,1.0,12,compas|LogReg|full_pool|V_m
compas,LogReg,full_pool,V_m,hp_C,0.011841879368688838,0.005017037106676047,0.0,1.0,2.0,12,compas|LogReg|full_pool|V_m
compas,LogReg,full_pool,V_m,hp_l1_ratio,0.0032919540508130145,0.0014681287976228445,0.0,1.0,3.0,12,compas|LogReg|full_pool|V_m
compas,LogReg,full_pool,V_m_HH,validation_brier,0.9574927004895571,0.009567982705092806,1.0,1.0,1.0,12,compas|LogReg|full_pool|V_m_HH
compas,LogReg,full_pool,V_m_HH,hp_l1_ratio,0.023895264778244232,0.0048541281039538595,0.0,1.0,2.1666666666666665,12,compas|LogReg|full_pool|V_m_HH
compas,LogReg,full_pool,V_m_HH,hp_C,0.01861203473219881,0.00775531229148093,0.0,1.0,2.8333333333333335,12,compas|LogReg|full_pool|V_m_HH
compas,LogReg,full_pool,V_m_nonHH,validation_brier,0.9834149291637847,0.00569933795501035,1.0,1.0,1.0,12,compas|LogReg|full_pool|V_m_nonHH
compas,LogReg,full_pool,V_m_nonHH,hp_C,0.010959088705799315,0.00476749782174435,0.0,1.0,2.0833333333333335,12,compas|LogReg|full_pool|V_m_nonHH
compas,LogReg,full_pool,V_m_nonHH,hp_l1_ratio,0.005625982130416229,0.0029302976414578826,0.0,1.0,2.9166666666666665,12,compas|LogReg|full_pool|V_m_nonHH
compas,MLP,Rashomon,V_m,validation_brier,0.3122438482957836,0.07132747373703863,0.5,1.0,1.6666666666666667,12,compas|MLP|Rashomon|V_m
compas,MLP,Rashomon,V_m,hp_learning_rate_init,0.2496734933413652,0.05873336458376219,0.4166666666666667,0.9166666666666666,2.1666666666666665,12,compas|MLP|Rashomon|V_m
compas,MLP,Rashomon,V_m,hp_hidden_layer_sizes,0.23155069109664347,0.03998801210021748,0.08333333333333333,0.9166666666666666,2.4166666666666665,12,compas|MLP|Rashomon|V_m
compas,MLP,Rashomon,V_m,hp_alpha,0.12411173462867463,0.03401037419587577,0.0,0.16666666666666666,3.9166666666666665,12,compas|MLP|Rashomon|V_m
compas,MLP,Rashomon,V_m,hp_activation,0.08242023263753322,0.021249112533253785,0.0,0.0,4.833333333333333,12,compas|MLP|Rashomon|V_m
compas,MLP,Rashomon,V_m_HH,validation_brier,0.4191456017309836,0.06705318298542774,1.0,1.0,1.0,12,compas|MLP|Rashomon|V_m_HH
compas,MLP,Rashomon,V_m_HH,hp_hidden_layer_sizes,0.22858364190080552,0.0481214113533989,0.0,1.0,2.0833333333333335,12,compas|MLP|Rashomon|V_m_HH
compas,MLP,Rashomon,V_m_HH,hp_learning_rate_init,0.1640990781878205,0.03562787558063007,0.0,0.9166666666666666,3.0,12,compas|MLP|Rashomon|V_m_HH
compas,MLP,Rashomon,V_m_HH,hp_alpha,0.108817707629478,0.015428461686098582,0.0,0.08333333333333333,4.166666666666667,12,compas|MLP|Rashomon|V_m_HH
compas,MLP,Rashomon,V_m_HH,hp_activation,0.07935397055091246,0.019827222936600337,0.0,0.0,4.75,12,compas|MLP|Rashomon|V_m_HH
compas,MLP,Rashomon,V_m_nonHH,validation_brier,0.31943244549003563,0.07841562904193923,0.5833333333333334,1.0,1.5833333333333333,12,compas|MLP|Rashomon|V_m_nonHH
compas,MLP,Rashomon,V_m_nonHH,hp_learning_rate_init,0.2561746333679133,0.05903677961171283,0.4166666666666667,0.9166666666666666,2.0,12,compas|MLP|Rashomon|V_m_nonHH
compas,MLP,Rashomon,V_m_nonHH,hp_hidden_layer_sizes,0.22333293257728246,0.038304666994030886,0.0,0.9166666666666666,2.6666666666666665,12,compas|MLP|Rashomon|V_m_nonHH
compas,MLP,Rashomon,V_m_nonHH,hp_alpha,0.12220940035637391,0.033534661729746326,0.0,0.16666666666666666,3.8333333333333335,12,compas|MLP|Rashomon|V_m_nonHH
compas,MLP,Rashomon,V_m_nonHH,hp_activation,0.07885058820839466,0.017300320285731054,0.0,0.0,4.916666666666667,12,compas|MLP|Rashomon|V_m_nonHH
compas,MLP,full_pool,V_m,validation_brier,0.8027394836449236,0.08958767774353112,1.0,1.0,1.0,12,compas|MLP|full_pool|V_m
compas,MLP,full_pool,V_m,hp_learning_rate_init,0.07710227017554472,0.03556701550502946,0.0,1.0,2.25,12,compas|MLP|full_pool|V_m
compas,MLP,full_pool,V_m,hp_hidden_layer_sizes,0.06102398304440792,0.02889007885792693,0.0,1.0,2.75,12,compas|MLP|full_pool|V_m
compas,MLP,full_pool,V_m,hp_alpha,0.0374828017860501,0.023489376288795664,0.0,0.0,4.166666666666667,12,compas|MLP|full_pool|V_m
compas,MLP,full_pool,V_m,hp_activation,0.021651461349073614,0.006083006322803625,0.0,0.0,4.833333333333333,12,compas|MLP|full_pool|V_m
compas,MLP,full_pool,V_m_HH,validation_brier,0.816133618313514,0.1054192993218154,1.0,1.0,1.0,12,compas|MLP|full_pool|V_m_HH
compas,MLP,full_pool,V_m_HH,hp_hidden_layer_sizes,0.07504565786451577,0.044783788902227395,0.0,1.0,2.25,12,compas|MLP|full_pool|V_m_HH
compas,MLP,full_pool,V_m_HH,hp_learning_rate_init,0.04425776298878747,0.032292119533107407,0.0,0.5833333333333334,3.4166666666666665,12,compas|MLP|full_pool|V_m_HH
compas,MLP,full_pool,V_m_HH,hp_alpha,0.043306058857191826,0.03031774914768271,0.0,0.3333333333333333,3.6666666666666665,12,compas|MLP|full_pool|V_m_HH
compas,MLP,full_pool,V_m_HH,hp_activation,0.021256901975990797,0.011456663342215664,0.0,0.08333333333333333,4.666666666666667,12,compas|MLP|full_pool|V_m_HH
compas,MLP,full_pool,V_m_nonHH,validation_brier,0.793258670652286,0.08571380713120788,1.0,1.0,1.0,12,compas|MLP|full_pool|V_m_nonHH
compas,MLP,full_pool,V_m_nonHH,hp_learning_rate_init,0.08043717801852672,0.033365662754011954,0.0,1.0,2.1666666666666665,12,compas|MLP|full_pool|V_m_nonHH
compas,MLP,full_pool,V_m_nonHH,hp_hidden_layer_sizes,0.06293591416921476,0.026723727515651514,0.0,1.0,2.8333333333333335,12,compas|MLP|full_pool|V_m_nonHH
compas,MLP,full_pool,V_m_nonHH,hp_alpha,0.04060969849465889,0.024826037762317284,0.0,0.0,4.166666666666667,12,compas|MLP|full_pool|V_m_nonHH
compas,MLP,full_pool,V_m_nonHH,hp_activation,0.02275853866531353,0.0057388543717734495,0.0,0.0,4.833333333333333,12,compas|MLP|full_pool|V_m_nonHH
compas,RF,Rashomon,V_m,validation_brier,0.41883610393739357,0.13449542777069212,0.75,1.0,1.4166666666666667,12,compas|RF|Rashomon|V_m
compas,RF,Rashomon,V_m,hp_max_features,0.2839470887017102,0.11365029074809602,0.16666666666666666,1.0,2.0833333333333335,12,compas|RF|Rashomon|V_m
compas,RF,Rashomon,V_m,hp_max_depth,0.21373003707974295,0.06381771986149033,0.08333333333333333,1.0,2.5,12,compas|RF|Rashomon|V_m
compas,RF,Rashomon,V_m,hp_min_samples_leaf,0.03671392066880146,0.012809734203015307,0.0,0.0,4.166666666666667,12,compas|RF|Rashomon|V_m
compas,RF,Rashomon,V_m,hp_min_samples_split,0.03073179144378367,0.014537865990433068,0.0,0.0,5.0,12,compas|RF|Rashomon|V_m
compas,RF,Rashomon,V_m_HH,validation_brier,0.3609508229065479,0.13037659553327774,0.5833333333333334,1.0,1.6666666666666667,12,compas|RF|Rashomon|V_m_HH
compas,RF,Rashomon,V_m_HH,hp_max_features,0.3281558767013346,0.11717133227169046,0.4166666666666667,1.0,1.6666666666666667,12,compas|RF|Rashomon|V_m_HH
compas,RF,Rashomon,V_m_HH,hp_max_depth,0.22035140478072743,0.05217181408934522,0.0,1.0,2.6666666666666665,12,compas|RF|Rashomon|V_m_HH
compas,RF,Rashomon,V_m_HH,hp_min_samples_leaf,0.05046821998276663,0.02957330761964158,0.0,0.0,4.083333333333333,12,compas|RF|Rashomon|V_m_HH
compas,RF,Rashomon,V_m_HH,hp_min_samples_split,0.027033944549485243,0.008485813076279816,0.0,0.0,4.916666666666667,12,compas|RF|Rashomon|V_m_HH
compas,RF,Rashomon,V_m_nonHH,validation_brier,0.4730356581333634,0.10792038311017133,0.8333333333333334,1.0,1.1666666666666667,12,compas|RF|Rashomon|V_m_nonHH
compas,RF,Rashomon,V_m_nonHH,hp_max_features,0.2363781461300476,0.09246679098243885,0.16666666666666666,1.0,2.25,12,compas|RF|Rashomon|V_m_nonHH
compas,RF,Rashomon,V_m_nonHH,hp_max_depth,0.2044222538674455,0.05990196085319668,0.0,1.0,2.5833333333333335,12,compas|RF|Rashomon|V_m_nonHH
compas,RF,Rashomon,V_m_nonHH,hp_min_samples_leaf,0.037284182730969485,0.013994784197063329,0.0,0.0,4.25,12,compas|RF|Rashomon|V_m_nonHH
compas,RF,Rashomon,V_m_nonHH,hp_min_samples_split,0.030620581035995978,0.012764353392064871,0.0,0.0,4.916666666666667,12,compas|RF|Rashomon|V_m_nonHH
compas,RF,full_pool,V_m,validation_brier,0.5749958123595345,0.08361711726600646,1.0,1.0,1.0,12,compas|RF|full_pool|V_m
compas,RF,full_pool,V_m,hp_max_depth,0.3222287752186364,0.04545408002575713,0.0,1.0,2.0,12,compas|RF|full_pool|V_m
compas,RF,full_pool,V_m,hp_min_samples_split,0.04401778027693596,0.03354899915792596,0.0,0.6666666666666666,3.9166666666666665,12,compas|RF|full_pool|V_m
compas,RF,full_pool,V_m,hp_max_features,0.033789088320004636,0.009281007639826342,0.0,0.3333333333333333,3.9166666666666665,12,compas|RF|full_pool|V_m
compas,RF,full_pool,V_m,hp_min_samples_leaf,0.020616180690538593,0.01089004094286589,0.0,0.0,4.416666666666667,12,compas|RF|full_pool|V_m
compas,RF,full_pool,V_m_HH,validation_brier,0.5561986906597175,0.06149614423933423,1.0,1.0,1.0,12,compas|RF|full_pool|V_m_HH
compas,RF,full_pool,V_m_HH,hp_max_depth,0.3083439526710897,0.024591853217558145,0.0,1.0,2.0,12,compas|RF|full_pool|V_m_HH
compas,RF,full_pool,V_m_HH,hp_max_features,0.059705523395840766,0.03421729722009055,0.0,0.5,3.6666666666666665,12,compas|RF|full_pool|V_m_HH
compas,RF,full_pool,V_m_HH,hp_min_samples_split,0.052140756434751044,0.036824393374332194,0.0,0.5,3.8333333333333335,12,compas|RF|full_pool|V_m_HH
compas,RF,full_pool,V_m_HH,hp_min_samples_leaf,0.017379790749302772,0.008932675263952422,0.0,0.0,4.833333333333333,12,compas|RF|full_pool|V_m_HH
compas,RF,full_pool,V_m_nonHH,validation_brier,0.5773909238980722,0.0832307884867707,1.0,1.0,1.0,12,compas|RF|full_pool|V_m_nonHH
compas,RF,full_pool,V_m_nonHH,hp_max_depth,0.32011755572397155,0.04478012070515997,0.0,1.0,2.0,12,compas|RF|full_pool|V_m_nonHH
compas,RF,full_pool,V_m_nonHH,hp_min_samples_split,0.043030404487451455,0.03306370789508861,0.0,0.5833333333333334,4.0,12,compas|RF|full_pool|V_m_nonHH
compas,RF,full_pool,V_m_nonHH,hp_max_features,0.03418591984640627,0.008788859177232272,0.0,0.4166666666666667,3.8333333333333335,12,compas|RF|full_pool|V_m_nonHH
compas,RF,full_pool,V_m_nonHH,hp_min_samples_leaf,0.020764440832999123,0.01095786763037691,0.0,0.0,4.416666666666667,12,compas|RF|full_pool|V_m_nonHH
compas,kNN,Rashomon,V_m,validation_brier,0.8679079138259537,0.04658660175325259,1.0,1.0,1.0,12,compas|kNN|Rashomon|V_m
compas,kNN,Rashomon,V_m,hp_n_neighbors,0.1281512449485029,0.04481373461663698,0.0,1.0,2.0,12,compas|kNN|Rashomon|V_m
compas,kNN,Rashomon,V_m,hp_weights,0.0031425194253969307,0.0033495455538637485,0.0,0.75,3.25,12,compas|kNN|Rashomon|V_m
compas,kNN,Rashomon,V_m,hp_p,0.0007983218001465928,0.0003811752482842183,0.0,0.25,3.75,12,compas|kNN|Rashomon|V_m
compas,kNN,Rashomon,V_m_HH,validation_brier,0.8407632855308392,0.07450775275942642,1.0,1.0,1.0,12,compas|kNN|Rashomon|V_m_HH
compas,kNN,Rashomon,V_m_HH,hp_n_neighbors,0.153702877362681,0.07254533763853323,0.0,1.0,2.0,12,compas|kNN|Rashomon|V_m_HH
compas,kNN,Rashomon,V_m_HH,hp_weights,0.003517563003291972,0.003819097712924293,0.0,0.6666666666666666,3.3333333333333335,12,compas|kNN|Rashomon|V_m_HH
compas,kNN,Rashomon,V_m_HH,hp_p,0.002016274103187708,0.0003891679918325769,0.0,0.3333333333333333,3.6666666666666665,12,compas|kNN|Rashomon|V_m_HH
compas,kNN,Rashomon,V_m_nonHH,validation_brier,0.8694040140718821,0.04449157901141314,1.0,1.0,1.0,12,compas|kNN|Rashomon|V_m_nonHH
compas,kNN,Rashomon,V_m_nonHH,hp_n_neighbors,0.12616863516849697,0.04286744570839815,0.0,1.0,2.0,12,compas|kNN|Rashomon|V_m_nonHH
compas,kNN,Rashomon,V_m_nonHH,hp_weights,0.0037061002474935464,0.0036205599445231417,0.0,0.8333333333333334,3.1666666666666665,12,compas|kNN|Rashomon|V_m_nonHH
compas,kNN,Rashomon,V_m_nonHH,hp_p,0.0007212505121273251,0.00037603102950512087,0.0,0.16666666666666666,3.8333333333333335,12,compas|kNN|Rashomon|V_m_nonHH
compas,kNN,full_pool,V_m,hp_n_neighbors,0.5683409449004903,0.07470960529586389,1.0,1.0,1.0,12,compas|kNN|full_pool|V_m
compas,kNN,full_pool,V_m,hp_weights,0.3147002879453719,0.08101950383318043,0.0,1.0,2.0833333333333335,12,compas|kNN|full_pool|V_m
compas,kNN,full_pool,V_m,validation_brier,0.11557299736808829,0.07722789273099707,0.0,1.0,2.9166666666666665,12,compas|kNN|full_pool|V_m
compas,kNN,full_pool,V_m,hp_p,0.0013857697860497672,0.00029093872758915014,0.0,0.0,4.0,12,compas|kNN|full_pool|V_m
compas,kNN,full_pool,V_m_HH,validation_brier,0.6966288670107014,0.06752811041843862,1.0,1.0,1.0,12,compas|kNN|full_pool|V_m_HH
compas,kNN,full_pool,V_m_HH,hp_n_neighbors,0.2467306458061542,0.0404682444719939,0.0,1.0,2.0,12,compas|kNN|full_pool|V_m_HH
compas,kNN,full_pool,V_m_HH,hp_weights,0.043235149264346635,0.05494513020598426,0.0,0.5833333333333334,3.4166666666666665,12,compas|kNN|full_pool|V_m_HH
compas,kNN,full_pool,V_m_HH,hp_p,0.013405337918797777,0.0038791939895332903,0.0,0.4166666666666667,3.5833333333333335,12,compas|kNN|full_pool|V_m_HH
compas,kNN,full_pool,V_m_nonHH,hp_n_neighbors,0.5815698960359109,0.05615793848166769,1.0,1.0,1.0,12,compas|kNN|full_pool|V_m_nonHH
compas,kNN,full_pool,V_m_nonHH,hp_weights,0.2837027716205648,0.09254460614787645,0.0,1.0,2.25,12,compas|kNN|full_pool|V_m_nonHH
compas,kNN,full_pool,V_m_nonHH,validation_brier,0.1334626767325254,0.09485260790982633,0.0,1.0,2.75,12,compas|kNN|full_pool|V_m_nonHH
compas,kNN,full_pool,V_m_nonHH,hp_p,0.0012646556109988953,0.00026019869172353035,0.0,0.0,4.0,12,compas|kNN|full_pool|V_m_nonHH
german,GBM,Rashomon,V_m,validation_brier,0.5338528435952337,0.06872685822048913,1.0,1.0,1.0,12,german|GBM|Rashomon|V_m
german,GBM,Rashomon,V_m,hp_learning_rate,0.17520169337475636,0.04688807109308168,0.0,0.9166666666666666,2.1666666666666665,12,german|GBM|Rashomon|V_m
german,GBM,Rashomon,V_m,hp_max_depth,0.11868663085102704,0.038000147203893345,0.0,0.6666666666666666,3.4166666666666665,12,german|GBM|Rashomon|V_m
german,GBM,Rashomon,V_m,hp_n_estimators,0.10258409978513999,0.026710233909505037,0.0,0.4166666666666667,3.5833333333333335,12,german|GBM|Rashomon|V_m
german,GBM,Rashomon,V_m,hp_subsample,0.06967473239384282,0.016221022729807775,0.0,0.0,4.833333333333333,12,german|GBM|Rashomon|V_m
german,GBM,Rashomon,V_m_HH,validation_brier,0.7996248473591532,0.060173361168225165,1.0,1.0,1.0,12,german|GBM|Rashomon|V_m_HH
german,GBM,Rashomon,V_m_HH,hp_max_depth,0.08747383354951797,0.03176055493494858,0.0,1.0,2.1666666666666665,12,german|GBM|Rashomon|V_m_HH
german,GBM,Rashomon,V_m_HH,hp_learning_rate,0.04127621322749308,0.016495807406219556,0.0,0.5,3.5833333333333335,12,german|GBM|Rashomon|V_m_HH
german,GBM,Rashomon,V_m_HH,hp_subsample,0.040203854444725316,0.010648499353457156,0.0,0.3333333333333333,4.0,12,german|GBM|Rashomon|V_m_HH
german,GBM,Rashomon,V_m_HH,hp_n_estimators,0.031421251419110514,0.017609536616649848,0.0,0.16666666666666666,4.25,12,german|GBM|Rashomon|V_m_HH
german,GBM,Rashomon,V_m_nonHH,validation_brier,0.5192784123720099,0.06652028123522573,1.0,1.0,1.0,12,german|GBM|Rashomon|V_m_nonHH
german,GBM,Rashomon,V_m_nonHH,hp_learning_rate,0.18196905121049348,0.045616932054972345,0.0,1.0,2.1666666666666665,12,german|GBM|Rashomon|V_m_nonHH
german,GBM,Rashomon,V_m_nonHH,hp_max_depth,0.12208327980716775,0.0380674341555191,0.0,0.5833333333333334,3.4166666666666665,12,german|GBM|Rashomon|V_m_nonHH
german,GBM,Rashomon,V_m_nonHH,hp_n_estimators,0.10630438869685145,0.028465976185192685,0.0,0.4166666666666667,3.5833333333333335,12,german|GBM|Rashomon|V_m_nonHH
german,GBM,Rashomon,V_m_nonHH,hp_subsample,0.07036486791347746,0.01812576425762493,0.0,0.0,4.833333333333333,12,german|GBM|Rashomon|V_m_nonHH
german,GBM,full_pool,V_m,validation_brier,0.7018121771247068,0.04662883171981907,1.0,1.0,1.0,12,german|GBM|full_pool|V_m
german,GBM,full_pool,V_m,hp_learning_rate,0.14505931106767395,0.027709103081444267,0.0,1.0,2.0,12,german|GBM|full_pool|V_m
german,GBM,full_pool,V_m,hp_n_estimators,0.06731272239860954,0.017444411583969813,0.0,0.6666666666666666,3.3333333333333335,12,german|GBM|full_pool|V_m
german,GBM,full_pool,V_m,hp_max_depth,0.06469779555976062,0.015268583710707901,0.0,0.3333333333333333,3.6666666666666665,12,german|GBM|full_pool|V_m
german,GBM,full_pool,V_m,hp_subsample,0.021117993849249103,0.002897089430258214,0.0,0.0,5.0,12,german|GBM|full_pool|V_m
german,GBM,full_pool,V_m_HH,validation_brier,0.5899395308252428,0.05646698589315433,1.0,1.0,1.0,12,german|GBM|full_pool|V_m_HH
german,GBM,full_pool,V_m_HH,hp_learning_rate,0.23815140101657575,0.0694159817529347,0.0,1.0,2.0,12,german|GBM|full_pool|V_m_HH
german,GBM,full_pool,V_m_HH,hp_n_estimators,0.09117049421224833,0.02991543202416073,0.0,1.0,3.0,12,german|GBM|full_pool|V_m_HH
german,GBM,full_pool,V_m_HH,hp_max_depth,0.050206274779702485,0.0077023533863430005,0.0,0.0,4.0,12,german|GBM|full_pool|V_m_HH
german,GBM,full_pool,V_m_HH,hp_subsample,0.030532299166230608,0.009727885273289548,0.0,0.0,5.0,12,german|GBM|full_pool|V_m_HH
german,GBM,full_pool,V_m_nonHH,validation_brier,0.7049675196663768,0.04492213549468796,1.0,1.0,1.0,12,german|GBM|full_pool|V_m_nonHH
german,GBM,full_pool,V_m_nonHH,hp_learning_rate,0.1393545591987571,0.025517660347392834,0.0,1.0,2.0,12,german|GBM|full_pool|V_m_nonHH
german,GBM,full_pool,V_m_nonHH,hp_n_estimators,0.06807172503802665,0.01713798025655584,0.0,0.5,3.5,12,german|GBM|full_pool|V_m_nonHH
german,GBM,full_pool,V_m_nonHH,hp_max_depth,0.06567423251291968,0.01485135115646587,0.0,0.5,3.5,12,german|GBM|full_pool|V_m_nonHH
german,GBM,full_pool,V_m_nonHH,hp_subsample,0.021931963583919797,0.003359301450627123,0.0,0.0,5.0,12,german|GBM|full_pool|V_m_nonHH
german,LogReg,Rashomon,V_m,hp_C,0.8049040404985094,0.017979909001125335,1.0,1.0,1.0,12,german|LogReg|Rashomon|V_m
german,LogReg,Rashomon,V_m,hp_l1_ratio,0.10599617922794968,0.03015157921473605,0.0,1.0,2.4166666666666665,12,german|LogReg|Rashomon|V_m
german,LogReg,Rashomon,V_m,validation_brier,0.08909978027354083,0.03368002269832615,0.0,1.0,2.5833333333333335,12,german|LogReg|Rashomon|V_m
german,LogReg,Rashomon,V_m_HH,hp_C,0.694769514655606,0.12667912723027866,1.0,1.0,1.0,12,german|LogReg|Rashomon|V_m_HH
german,LogReg,Rashomon,V_m_HH,validation_brier,0.28603355999892877,0.12992549003385045,0.0,1.0,2.0,12,german|LogReg|Rashomon|V_m_HH
german,LogReg,Rashomon,V_m_HH,hp_l1_ratio,0.019196925345465382,0.009075472292637074,0.0,1.0,3.0,12,german|LogReg|Rashomon|V_m_HH
german,LogReg,Rashomon,V_m_nonHH,hp_C,0.8043543643066554,0.01657404071473122,1.0,1.0,1.0,12,german|LogReg|Rashomon|V_m_nonHH
german,LogReg,Rashomon,V_m_nonHH,hp_l1_ratio,0.11041678115568115,0.030449369670221813,0.0,1.0,2.3333333333333335,12,german|LogReg|Rashomon|V_m_nonHH
german,LogReg,Rashomon,V_m_nonHH,validation_brier,0.08522885453766339,0.030711111829052045,0.0,1.0,2.6666666666666665,12,german|LogReg|Rashomon|V_m_nonHH
german,LogReg,full_pool,V_m,validation_brier,0.8375745323604553,0.06777393495668445,1.0,1.0,1.0,12,german|LogReg|full_pool|V_m
german,LogReg,full_pool,V_m,hp_C,0.14305293966135332,0.06652659011224793,0.0,1.0,2.0,12,german|LogReg|full_pool|V_m
german,LogReg,full_pool,V_m,hp_l1_ratio,0.019372527978191396,0.004440157175480197,0.0,1.0,3.0,12,german|LogReg|full_pool|V_m
german,LogReg,full_pool,V_m_HH,validation_brier,0.9315873314692115,0.016273612796681755,1.0,1.0,1.0,12,german|LogReg|full_pool|V_m_HH
german,LogReg,full_pool,V_m_HH,hp_C,0.05564200929987126,0.01640138943386273,0.0,1.0,2.0,12,german|LogReg|full_pool|V_m_HH
german,LogReg,full_pool,V_m_HH,hp_l1_ratio,0.012770659230917197,0.003809879043137175,0.0,1.0,3.0,12,german|LogReg|full_pool|V_m_HH
german,LogReg,full_pool,V_m_nonHH,validation_brier,0.8325055932740172,0.0639146938539274,1.0,1.0,1.0,12,german|LogReg|full_pool|V_m_nonHH
german,LogReg,full_pool,V_m_nonHH,hp_C,0.1475305723954272,0.06343222976022242,0.0,1.0,2.0,12,german|LogReg|full_pool|V_m_nonHH
german,LogReg,full_pool,V_m_nonHH,hp_l1_ratio,0.019963834330555746,0.003316176500381465,0.0,1.0,3.0,12,german|LogReg|full_pool|V_m_nonHH
german,MLP,Rashomon,V_m,validation_brier,0.5434452753382848,0.04664614607023347,1.0,1.0,1.0,12,german|MLP|Rashomon|V_m
german,MLP,Rashomon,V_m,hp_learning_rate_init,0.16067415285477052,0.05193927501465733,0.0,0.8333333333333334,2.5833333333333335,12,german|MLP|Rashomon|V_m
german,MLP,Rashomon,V_m,hp_hidden_layer_sizes,0.15924937656478913,0.023094223152161142,0.0,1.0,2.6666666666666665,12,german|MLP|Rashomon|V_m
german,MLP,Rashomon,V_m,hp_alpha,0.08103505390218764,0.033728504031435,0.0,0.08333333333333333,4.25,12,german|MLP|Rashomon|V_m
german,MLP,Rashomon,V_m,hp_activation,0.05559614133996793,0.021542487064762268,0.0,0.08333333333333333,4.5,12,german|MLP|Rashomon|V_m
german,MLP,Rashomon,V_m_HH,validation_brier,0.4275861004449009,0.035644984946017574,1.0,1.0,1.0,12,german|MLP|Rashomon|V_m_HH
german,MLP,Rashomon,V_m_HH,hp_learning_rate_init,0.17164943706688654,0.08142028479096855,0.0,0.4166666666666667,3.3333333333333335,12,german|MLP|Rashomon|V_m_HH
german,MLP,Rashomon,V_m_HH,hp_hidden_layer_sizes,0.1668995301150872,0.03131569282799776,0.0,0.9166666666666666,3.0,12,german|MLP|Rashomon|V_m_HH
german,MLP,Rashomon,V_m_HH,hp_alpha,0.149166901903915,0.05825881340147962,0.0,0.5833333333333334,3.0,12,german|MLP|Rashomon|V_m_HH
german,MLP,Rashomon,V_m_HH,hp_activation,0.0846980304692103,0.034717684722054346,0.0,0.08333333333333333,4.666666666666667,12,german|MLP|Rashomon|V_m_HH
german,MLP,Rashomon,V_m_nonHH,validation_brier,0.5393765473219342,0.046291349826596856,1.0,1.0,1.0,12,german|MLP|Rashomon|V_m_nonHH
german,MLP,Rashomon,V_m_nonHH,hp_learning_rate_init,0.1642755944434954,0.05097515402902495,0.0,0.9166666666666666,2.5,12,german|MLP|Rashomon|V_m_nonHH
german,MLP,Rashomon,V_m_nonHH,hp_hidden_layer_sizes,0.16037634686906546,0.023068595085768608,0.0,1.0,2.6666666666666665,12,german|MLP|Rashomon|V_m_nonHH
german,MLP,Rashomon,V_m_nonHH,hp_alpha,0.08215315909502544,0.03588048033754346,0.0,0.08333333333333333,4.25,12,german|MLP|Rashomon|V_m_nonHH
german,MLP,Rashomon,V_m_nonHH,hp_activation,0.05381835227047956,0.019942435182452586,0.0,0.0,4.583333333333333,12,german|MLP|Rashomon|V_m_nonHH
german,MLP,full_pool,V_m,validation_brier,0.7303405180308894,0.05148335430246969,1.0,1.0,1.0,12,german|MLP|full_pool|V_m
german,MLP,full_pool,V_m,hp_learning_rate_init,0.13193146475245865,0.030578112336438815,0.0,1.0,2.0,12,german|MLP|full_pool|V_m
german,MLP,full_pool,V_m,hp_hidden_layer_sizes,0.0638491250295412,0.012157196824738392,0.0,1.0,3.0,12,german|MLP|full_pool|V_m
german,MLP,full_pool,V_m,hp_alpha,0.04118488158934772,0.007152251478782204,0.0,0.0,4.25,12,german|MLP|full_pool|V_m
german,MLP,full_pool,V_m,hp_activation,0.032694010597763064,0.012756222739203139,0.0,0.0,4.75,12,german|MLP|full_pool|V_m
german,MLP,full_pool,V_m_HH,validation_brier,0.5495964129174399,0.028573135851074537,1.0,1.0,1.0,12,german|MLP|full_pool|V_m_HH
german,MLP,full_pool,V_m_HH,hp_learning_rate_init,0.14959177432224322,0.022338614834926954,0.0,0.9166666666666666,2.4166666666666665,12,german|MLP|full_pool|V_m_HH
german,MLP,full_pool,V_m_HH,hp_hidden_layer_sizes,0.14277258503663567,0.026961123427610777,0.0,0.9166666666666666,2.75,12,german|MLP|full_pool|V_m_HH
german,MLP,full_pool,V_m_HH,hp_alpha,0.10469774198845916,0.017603242386005018,0.0,0.16666666666666666,3.8333333333333335,12,german|MLP|full_pool|V_m_HH
german,MLP,full_pool,V_m_HH,hp_activation,0.053341485735222134,0.010591175807019577,0.0,0.0,5.0,12,german|MLP|full_pool|V_m_HH
german,MLP,full_pool,V_m_nonHH,validation_brier,0.7351446256594186,0.05105378247089705,1.0,1.0,1.0,12,german|MLP|full_pool|V_m_nonHH
german,MLP,full_pool,V_m_nonHH,hp_learning_rate_init,0.12852138497308496,0.030051307662398347,0.0,1.0,2.0,12,german|MLP|full_pool|V_m_nonHH
german,MLP,full_pool,V_m_nonHH,hp_hidden_layer_sizes,0.0633517184374668,0.013285982604932686,0.0,1.0,3.0,12,german|MLP|full_pool|V_m_nonHH
german,MLP,full_pool,V_m_nonHH,hp_alpha,0.04148932190780339,0.007524619872040967,0.0,0.0,4.166666666666667,12,german|MLP|full_pool|V_m_nonHH
german,MLP,full_pool,V_m_nonHH,hp_activation,0.03149294902222626,0.011521050307961314,0.0,0.0,4.833333333333333,12,german|MLP|full_pool|V_m_nonHH
german,RF,Rashomon,V_m,hp_max_features,0.5179882128159385,0.07976596042847282,0.9166666666666666,1.0,1.0833333333333333,12,german|RF|Rashomon|V_m
german,RF,Rashomon,V_m,validation_brier,0.25803349252272806,0.09977707086097594,0.08333333333333333,1.0,2.0833333333333335,12,german|RF|Rashomon|V_m
german,RF,Rashomon,V_m,hp_n_estimators,0.0839923039560135,0.024576487187768663,0.0,0.5833333333333334,3.5,12,german|RF|Rashomon|V_m
german,RF,Rashomon,V_m,hp_min_samples_leaf,0.07060298177041631,0.05040859342260079,0.0,0.4166666666666667,4.083333333333333,12,german|RF|Rashomon|V_m
german,RF,Rashomon,V_m,hp_max_depth,0.040866716458935436,0.011828696367764957,0.0,0.0,4.916666666666667,12,german|RF|Rashomon|V_m
german,RF,Rashomon,V_m_HH,hp_max_features,0.511505658687124,0.15374788054007213,0.9166666666666666,0.9166666666666666,1.25,12,german|RF|Rashomon|V_m_HH
german,RF,Rashomon,V_m_HH,validation_brier,0.28702519752826794,0.09252202203637667,0.08333333333333333,1.0,1.9166666666666667,12,german|RF|Rashomon|V_m_HH
german,RF,Rashomon,V_m_HH,hp_n_estimators,0.08507957712011603,0.05775146262146521,0.0,0.8333333333333334,3.0833333333333335,12,german|RF|Rashomon|V_m_HH
german,RF,Rashomon,V_m_HH,hp_max_depth,0.048688441942970534,0.02684063171752157,0.0,0.16666666666666666,4.166666666666667,12,german|RF|Rashomon|V_m_HH
german,RF,Rashomon,V_m_HH,hp_min_samples_split,0.043687125502480856,0.039907172185018276,0.0,0.08333333333333333,4.916666666666667,12,german|RF|Rashomon|V_m_HH
german,RF,Rashomon,V_m_nonHH,hp_max_features,0.522355304383747,0.08071740491784712,0.9166666666666666,1.0,1.0833333333333333,12,german|RF|Rashomon|V_m_nonHH
german,RF,Rashomon,V_m_nonHH,validation_brier,0.2534108528705241,0.0992343679623335,0.08333333333333333,0.9166666666666666,2.1666666666666665,12,german|RF|Rashomon|V_m_nonHH
german,RF,Rashomon,V_m_nonHH,hp_n_estimators,0.08525783882202141,0.024667369712419927,0.0,0.6666666666666666,3.4166666666666665,12,german|RF|Rashomon|V_m_nonHH
german,RF,Rashomon,V_m_nonHH,hp_min_samples_leaf,0.06990311537369523,0.05086905562575628,0.0,0.4166666666666667,4.0,12,german|RF|Rashomon|V_m_nonHH
german,RF,Rashomon,V_m_nonHH,hp_max_depth,0.04125625307066555,0.013312113801126138,0.0,0.0,4.916666666666667,12,german|RF|Rashomon|V_m_nonHH
german,RF,full_pool,V_m,hp_max_features,0.4828883794832861,0.07898196015734113,1.0,1.0,1.0,12,german|RF|full_pool|V_m
german,RF,full_pool,V_m,hp_max_depth,0.3031969292816313,0.043071140466214075,0.0,1.0,2.0,12,german|RF|full_pool|V_m
german,RF,full_pool,V_m,validation_brier,0.10258271308554173,0.05487493399779638,0.0,1.0,3.0,12,german|RF|full_pool|V_m
german,RF,full_pool,V_m,hp_min_samples_leaf,0.0468880178652244,0.014622390245458968,0.0,0.0,4.416666666666667,12,german|RF|full_pool|V_m
german,RF,full_pool,V_m,hp_n_estimators,0.03665707266691051,0.0048477804728595504,0.0,0.0,4.75,12,german|RF|full_pool|V_m
german,RF,full_pool,V_m_HH,hp_max_features,0.38328611805944285,0.09293021408274524,0.6666666666666666,1.0,1.3333333333333333,12,german|RF|full_pool|V_m_HH
german,RF,full_pool,V_m_HH,hp_max_depth,0.27271152813458716,0.05155018920412539,0.16666666666666666,1.0,2.1666666666666665,12,german|RF|full_pool|V_m_HH
german,RF,full_pool,V_m_HH,validation_brier,0.22502162521761604,0.09805922355863202,0.16666666666666666,1.0,2.5,12,german|RF|full_pool|V_m_HH
german,RF,full_pool,V_m_HH,hp_min_samples_leaf,0.06535222572769663,0.01802912164718549,0.0,0.0,4.0,12,german|RF|full_pool|V_m_HH
german,RF,full_pool,V_m_HH,hp_n_estimators,0.027962304917374656,0.007288761036544404,0.0,0.0,5.5,12,german|RF|full_pool|V_m_HH
german,RF,full_pool,V_m_nonHH,hp_max_features,0.4927343607214068,0.08292909413895154,1.0,1.0,1.0,12,german|RF|full_pool|V_m_nonHH
german,RF,full_pool,V_m_nonHH,hp_max_depth,0.2888566495005851,0.042464621504979545,0.0,1.0,2.0833333333333335,12,german|RF|full_pool|V_m_nonHH
german,RF,full_pool,V_m_nonHH,validation_brier,0.10339675897621069,0.0540546701925189,0.0,1.0,2.9166666666666665,12,german|RF|full_pool|V_m_nonHH
german,RF,full_pool,V_m_nonHH,hp_min_samples_leaf,0.04861453177394292,0.01698003257193917,0.0,0.0,4.416666666666667,12,german|RF|full_pool|V_m_nonHH
german,RF,full_pool,V_m_nonHH,hp_n_estimators,0.03793007535307788,0.004661171101405936,0.0,0.0,4.666666666666667,12,german|RF|full_pool|V_m_nonHH
german,kNN,Rashomon,V_m,hp_n_neighbors,0.9321893748839959,0.01559198374989954,1.0,1.0,1.0,12,german|kNN|Rashomon|V_m
german,kNN,Rashomon,V_m,validation_brier,0.05513244344009155,0.015707390730673926,0.0,1.0,2.0,12,german|kNN|Rashomon|V_m
german,kNN,Rashomon,V_m,hp_p,0.00702086043207651,0.0015780936805365306,0.0,0.75,3.25,12,german|kNN|Rashomon|V_m
german,kNN,Rashomon,V_m,hp_weights,0.005657321243836226,0.0015303119527139153,0.0,0.25,3.75,12,german|kNN|Rashomon|V_m
german,kNN,Rashomon,V_m_HH,hp_n_neighbors,0.8966764462646651,0.03235202468317187,1.0,1.0,1.0,12,german|kNN|Rashomon|V_m_HH
german,kNN,Rashomon,V_m_HH,validation_brier,0.09082764163365704,0.032621093018362156,0.0,1.0,2.0,12,german|kNN|Rashomon|V_m_HH
german,kNN,Rashomon,V_m_HH,hp_p,0.006436457946265804,0.004120086510108658,0.0,0.4166666666666667,3.5833333333333335,12,german|kNN|Rashomon|V_m_HH
german,kNN,Rashomon,V_m_HH,hp_weights,0.00605945415541186,0.0031690936483396177,0.0,0.5833333333333334,3.4166666666666665,12,german|kNN|Rashomon|V_m_HH
german,kNN,Rashomon,V_m_nonHH,hp_n_neighbors,0.9285641010349576,0.017444346910522553,1.0,1.0,1.0,12,german|kNN|Rashomon|V_m_nonHH
german,kNN,Rashomon,V_m_nonHH,validation_brier,0.056853147936522574,0.017799189532860585,0.0,1.0,2.0,12,german|kNN|Rashomon|V_m_nonHH
german,kNN,Rashomon,V_m_nonHH,hp_p,0.00834675282183829,0.0021822597237860382,0.0,0.75,3.25,12,german|kNN|Rashomon|V_m_nonHH
german,kNN,Rashomon,V_m_nonHH,hp_weights,0.006235998206681729,0.0016276706990283744,0.0,0.25,3.75,12,german|kNN|Rashomon|V_m_nonHH
german,kNN,full_pool,V_m,hp_n_neighbors,0.9824464385270227,0.0040692107357462905,1.0,1.0,1.0,12,german|kNN|full_pool|V_m
german,kNN,full_pool,V_m,validation_brier,0.013367356434793155,0.003950930742924297,0.0,1.0,2.0,12,german|kNN|full_pool|V_m
german,kNN,full_pool,V_m,hp_p,0.0028464236635401944,0.0008293892618273545,0.0,1.0,3.0,12,german|kNN|full_pool|V_m
german,kNN,full_pool,V_m,hp_weights,0.0013397813746437684,0.00021318572290203715,0.0,0.0,4.0,12,german|kNN|full_pool|V_m
german,kNN,full_pool,V_m_HH,hp_n_neighbors,0.6893632086245707,0.18388882411937385,0.8333333333333334,1.0,1.1666666666666667,12,german|kNN|full_pool|V_m_HH
german,kNN,full_pool,V_m_HH,validation_brier,0.28298143321982416,0.18492527074581622,0.16666666666666666,1.0,1.8333333333333333,12,german|kNN|full_pool|V_m_HH
german,kNN,full_pool,V_m_HH,hp_p,0.0208999068131079,0.007151536305910563,0.0,1.0,3.0,12,german|kNN|full_pool|V_m_HH
german,kNN,full_pool,V_m_HH,hp_weights,0.006755451342497298,0.0025024790941302476,0.0,0.0,4.0,12,german|kNN|full_pool|V_m_HH
german,kNN,full_pool,V_m_nonHH,hp_n_neighbors,0.9818496482678696,0.003904038937798475,1.0,1.0,1.0,12,german|kNN|full_pool|V_m_nonHH
german,kNN,full_pool,V_m_nonHH,validation_brier,0.014045322410631377,0.0038740983742807824,0.0,1.0,2.0,12,german|kNN|full_pool|V_m_nonHH
german,kNN,full_pool,V_m_nonHH,hp_p,0.0027552774447300783,0.000687235280915727,0.0,1.0,3.0,12,german|kNN|full_pool|V_m_nonHH
german,kNN,full_pool,V_m_nonHH,hp_weights,0.0013497518767687877,0.0002192457508386397,0.0,0.0,4.0,12,german|kNN|full_pool|V_m_nonHH
