feature_1,feature_2,grid_value_1,grid_value_2,predicted_V_m,n_background_rows
hp_learning_rate,hp_max_depth,0.01,2.0,0.007208539562207499,100
hp_learning_rate,hp_max_depth,0.01,3.0,0.006739472787067956,100
hp_learning_rate,hp_max_depth,0.01,4.0,0.006297768673138481,100
hp_learning_rate,hp_max_depth,0.01,5.0,0.006619784919787934,100
hp_learning_rate,hp_max_depth,0.05,2.0,0.006574787403071627,100
hp_learning_rate,hp_max_depth,0.05,3.0,0.006444020429361334,100
hp_learning_rate,hp_max_depth,0.05,4.0,0.006772916107545875,100
hp_learning_rate,hp_max_depth,0.05,5.0,0.007408822150840294,100
hp_learning_rate,hp_max_depth,0.1,2.0,0.008055109552076153,100
hp_learning_rate,hp_max_depth,0.1,3.0,0.009484523762926722,100
hp_learning_rate,hp_max_depth,0.1,4.0,0.011365797016316242,100
hp_learning_rate,hp_max_depth,0.1,5.0,0.01274160985278604,100
hp_learning_rate,hp_max_depth,0.2,2.0,0.009666555034854285,100
hp_learning_rate,hp_max_depth,0.2,3.0,0.01078218148334101,100
hp_learning_rate,hp_max_depth,0.2,4.0,0.012721640218402101,100
hp_learning_rate,hp_max_depth,0.2,5.0,0.013863868737777046,100
